OverallQual,GrLivArea
1,619.0
2,438.0
3,1156.75
4,1118.6704545454545
5,1259.590909090909
6,1479.2379421221865
7,1703.1782945736434
8,1939.4592592592592
9,2096.1111111111113
10,3128.769230769231
