,Correlation,P-Value
GarageArea,0.6050082787318145,3.4377521481698726e-111
GarageYrBlt,0.4803509120415035,8.416469036460909e-65
