ExterQual,mean,median,std,count
Ex,352199.11904761905,353459.5,102435.0253021105,42
Fa,94072.72727272728,85000.0,42845.39860729716,11
Gd,230836.07731958764,220500.0,72067.80417562927,388
TA,146536.67125171938,140000.0,43393.25445350584,727
