Metric,Value
Correlation,0.3300661478338094
P-Value,1.3210933271217635e-25
