KitchenQual,mean,median,std,count
Ex,330157.4935064935,319900.0,106190.15307043148,77
Fa,107110.9375,111750.0,36437.338467245565,32
Gd,211442.30212765958,202150.0,64256.84061644027,470
TA,142098.74702886248,139000.0,39501.2631090413,589
