Metric,Value
Correlation,0.7855547508295233
P-Value,2.596140077076898e-245
