BsmtCond,mean,median,std,count
Fa,121934.07692307692,118500.0,44453.77121317015,39
Gd,210640.9818181818,191000.0,68159.38052869333,55
Po,61000.0,61000.0,,1
TA,184295.57033492823,167500.0,77306.48191490452,1045
