BsmtQual,mean,median,std,count
Ex,321284.6804123711,318000.0,105894.11711612242,97
Fa,118998.27586206897,112000.0,35325.96293996057,29
Gd,203306.05476673428,193000.0,57302.712174343134,493
TA,142313.06142034548,136900.0,43916.00170285827,521
